{
  "income": [
    0.1,
    0.4,
    0.8,
    0.9
  ],
  "name_email_similarity": [
    1.4345504845275636e-06,
    0.30826036018783676,
    0.669623951755079,
    0.9999993177937188
  ],
  "credit_risk_score": [
    -170.0,
    97.0,
    156.0,
    389.0
  ]
}